Time_(hours),Parent_Population,Daughter_Population,Granddaughter_Population
0.,1000000.0000,-.0000,-.0000
1.,994240.3750,5747.7949,11.8028
2.,988514.0000,11438.6367,47.3547
3.,982820.5625,17073.3613,106.0667
4.,977160.0000,22651.7598,188.2603
5.,971531.9375,28175.0840,292.9863
6.,965936.3125,33643.1250,420.5701
7.,960372.9375,39056.5078,570.5661
8.,954841.6250,44415.6484,742.7341
9.,949342.1250,49720.7617,937.1050
10.,943874.3125,54972.6758,1153.0358
11.,938438.0000,60171.3906,1390.5959
12.,933033.0000,65317.5352,1649.4679
13.,927659.1250,70411.5312,1929.3726
14.,922316.1875,75453.3672,2230.4341
15.,917004.0625,80443.8828,2552.0635
16.,911722.5000,85383.5000,2894.0278
17.,906471.3750,90272.0000,3256.6223
18.,901250.5000,95110.4375,3639.0713
19.,896059.6250,99899.2266,4041.1274
20.,890898.6875,104638.1484,4463.1313
21.,885767.5000,109327.8438,4904.6489
22.,880665.8750,113968.7188,5365.3545
23.,875593.6250,118561.4062,5845.0010
24.,870550.5625,123105.9062,6343.5254
25.,865536.5625,127602.6250,6860.8042
26.,860551.4375,132052.2031,7396.3726
27.,855595.0625,136454.4219,7950.5093
28.,850667.1875,140810.3281,8522.4707
29.,845767.6875,145120.1406,9112.1631
30.,840896.4375,149383.6250,9719.9590
31.,836053.1875,153602.0469,10344.7412
32.,831237.9375,157774.7969,10987.2871
33.,826450.3125,161903.0938,11646.6035
34.,821690.3125,165986.5625,12323.1240
35.,816957.6875,170025.9844,13016.2900
36.,812252.3750,174021.4062,13726.1660
37.,807574.1250,177973.6406,14452.1914
38.,802922.8750,181882.4844,15194.5840
39.,798298.3750,185748.5625,15953.0654
40.,793700.5000,189572.0781,16727.3887
41.,789129.1250,193353.6719,17517.1777
42.,784584.1250,197093.1094,18322.7773
43.,780065.2500,200791.0469,19143.6914
44.,775572.3750,204448.0938,19979.5469
45.,771105.4375,208064.0312,20830.5293
46.,766664.1250,211639.5156,21696.3281
47.,762248.5000,215174.5156,22576.9453
48.,757858.2500,218669.6719,23472.0703
49.,753493.3750,222125.1875,24381.4551
50.,749153.5625,225541.4844,25304.9746
51.,744838.6875,228918.9844,26242.2578
52.,740548.8125,232257.4688,27193.7383
53.,736283.5625,235557.5625,28158.9199
54.,732042.8750,238819.7031,29137.4316
55.,727826.6250,242043.8594,30129.5215
56.,723634.6250,245230.6875,31134.6934
57.,719466.8125,248380.1719,32153.0078
58.,715323.0000,251492.7188,33184.2773
59.,711203.0000,254568.9688,34228.0117
60.,707106.7500,257608.5156,35284.7031
61.,703034.1875,260611.9688,36353.8555
62.,698985.0000,263579.7500,37435.2852
63.,694959.1250,266512.0625,38528.8633
64.,690956.4375,269409.3125,39634.2852
65.,686976.8750,272271.0938,40752.0430
66.,683020.1250,275098.9062,41880.9648
67.,679086.1875,277891.8438,43021.9102
68.,675174.9375,280651.0000,44174.0781
69.,671286.2500,283376.1562,45337.5898
70.,667419.9375,286067.7188,46512.3242
71.,663575.8750,288725.9062,47698.1562
72.,659754.0000,291351.1562,48894.9023
73.,655954.0625,293943.6250,50102.3086
74.,652176.0000,296503.5625,51320.3828
75.,648419.8125,299031.1562,52549.0547
76.,644685.1250,301527.0312,53787.7695
77.,640972.0000,303991.0000,55036.9648
78.,637280.3125,306423.4688,56296.2656
79.,633609.8125,308824.6250,57565.4844
80.,629960.5625,311194.9375,58844.5000
81.,626332.2500,313534.3438,60133.4375
82.,622724.8125,315843.3125,61431.8555
83.,619138.1875,318122.2500,62739.5781
84.,615572.1875,320370.9062,64056.9062
85.,612026.7500,322590.1875,65383.0391
86.,608501.7500,324779.5938,66718.6562
87.,604997.0625,326939.8125,68063.1484
88.,601512.5000,329071.0625,69416.3750
89.,598048.0625,331173.5000,70778.4609
90.,594603.5625,333247.3438,72149.1094
91.,591178.8750,335292.8125,73528.2500
92.,587774.0000,337310.1562,74915.8906
93.,584388.6250,339299.7188,76311.5859
94.,581022.8125,341261.5312,77715.6484
95.,577676.3750,343196.0312,79127.5859
96.,574349.1875,345103.2188,80547.5859
97.,571041.1875,346983.4688,81975.3984
98.,567752.2500,348836.8125,83410.8984
99.,564482.1875,350663.8750,84853.9531
100.,561231.0000,352464.6562,86304.3359
101.,557998.6250,354239.1250,87762.1484
102.,554784.6875,355987.9688,89227.2812
103.,551589.4375,357710.7188,90699.8594
104.,548412.5000,359408.4375,92179.1250
105.,545253.8750,361080.7188,93665.3359
106.,542113.4375,362727.9375,95158.6172
107.,538991.0625,364350.3438,96658.4688
108.,535886.6875,365948.1562,98165.1406
109.,532800.2500,367521.5312,99678.2578
110.,529731.5625,369070.5000,101197.9531
111.,526680.5000,370595.6875,102723.8438
112.,523647.0625,372097.0938,104255.8047
113.,520631.0625,373574.7500,105794.2188
114.,517632.5000,375029.0000,107338.4609
115.,514651.1250,376460.0938,108888.7812
116.,511686.9062,377868.2812,110444.8047
117.,508739.8438,379253.4688,112006.6484
118.,505809.7188,380615.9375,113574.3281
119.,502896.5000,381955.9062,115147.5859
120.,500000.0000,383273.9375,116726.0547
121.,497120.1875,384569.6562,118310.2188
122.,494257.0000,385843.5625,119899.3516
123.,491410.2812,387095.6875,121494.0547
124.,488580.0000,388326.4062,123093.6016
125.,485765.9688,389535.6562,124698.3516
126.,482968.1562,390723.8125,126308.0625
127.,480186.4688,391891.0312,127922.4844
128.,477420.8125,393037.3750,129541.7500
129.,474671.0625,394163.2812,131165.5938
130.,471937.1562,395268.6250,132794.2812
131.,469219.0000,396353.6562,134427.2969
132.,466516.5000,397418.7500,136064.7812
133.,463829.5625,398463.8125,137706.6094
134.,461158.0938,399489.0312,139352.9062
135.,458502.0312,400494.8750,141003.1562
136.,455861.2500,401481.2188,142657.3906
137.,453235.6875,402448.2812,144315.9531
138.,450625.2500,403396.4375,145978.2344
139.,448029.8125,404325.4062,147644.7500
140.,445449.3438,405235.8125,149314.8438
141.,442883.7500,406127.5312,150988.6562
142.,440332.9375,407000.9062,152666.0781
143.,437796.8125,407856.1250,154347.0781
144.,435275.2812,408693.0938,156031.6875
145.,432768.2812,409512.2188,157719.5156
146.,430275.7188,410313.6250,159410.5625
147.,427797.5312,411097.1875,161105.3438
148.,425333.5938,411863.4375,162803.0938
149.,422883.8438,412612.3750,164503.8125
150.,420448.2188,413343.9688,166207.7656
151.,418026.5938,414058.6875,167914.5625
152.,415618.9688,414756.6250,169624.4688
153.,413225.1562,415437.8750,171336.9688
154.,410845.1562,416102.4062,173052.4531
155.,408478.8438,416750.5938,174770.5312
156.,406126.1875,417382.4688,176491.3438
157.,403787.0625,417998.0938,178214.8906
158.,401461.4375,418597.9688,179940.6562
159.,399149.1875,419182.0000,181668.7812
160.,396850.2500,419750.1562,183399.5156
161.,394564.5625,420302.9062,185132.4844
162.,392292.0625,420840.1875,186867.6719
163.,390032.6250,421362.1562,188605.3438
164.,387786.1875,421869.0938,190344.6406
165.,385552.7188,422360.9062,192086.4062
166.,383332.0625,422838.0000,193829.9062
167.,381124.2500,423300.2812,195575.3906
168.,378929.1250,423748.0000,197322.8594
169.,376746.6562,424181.2812,199072.0781
170.,374576.7812,424600.1875,200823.1406
171.,372419.3438,425004.9062,202575.6875
172.,370274.4062,425395.4375,204330.3594
173.,368141.7812,425772.1875,206086.0156
174.,366021.4375,426135.1875,207843.1562
175.,363913.3125,426484.1875,209602.5312
176.,361817.3125,426820.0625,211362.6406
177.,359733.4062,427142.2812,213124.2500
178.,357661.5000,427451.1250,214887.3438
179.,355601.5312,427746.8438,216651.6875
180.,353553.3750,428029.7188,218417.0000
181.,351517.0938,428299.3750,220183.4531
182.,349492.5000,428556.2812,221951.0156
183.,347479.5938,428800.5625,223719.6875
184.,345478.2188,429032.3438,225489.3438
185.,343488.4375,429251.3750,227260.2500
186.,341510.0625,429458.3438,229031.7812
187.,339543.1250,429652.9688,230803.7969
188.,337587.4688,429835.6250,232576.9375
189.,335643.1562,430006.0625,234350.8281
190.,333709.9688,430164.9062,236124.9531
191.,331787.9375,430311.6875,237900.4531
192.,329877.0000,430446.9688,239676.0625
193.,327977.0312,430570.6875,241452.4219
194.,326088.0000,430683.0312,243229.0312
195.,324209.9062,430783.8750,245006.3906
196.,322342.5625,430873.6875,246783.7500
197.,320486.0312,430952.3438,248561.5938
198.,318640.1562,431020.1250,250339.5625
199.,316804.9375,431076.7812,252118.1562
200.,314980.2812,431122.7812,253896.8750
201.,313166.1562,431158.0312,255675.8438
202.,311362.4062,431182.8750,257454.5625
203.,309569.1250,431197.0312,259233.9062
204.,307786.0938,431201.1250,261012.8750
205.,306013.4062,431194.6562,262791.9688
206.,304250.8750,431178.2812,264570.6875
207.,302498.5625,431151.4688,266350.1250
208.,300756.2500,431115.1562,268128.4688
209.,299024.0312,431068.6562,269907.4375
210.,297301.7812,431012.5312,271685.7812
211.,295589.4688,430946.5938,273463.9062
212.,293887.0000,430871.1875,275242.0000
213.,292194.3438,430786.2812,277019.3438
214.,290511.4062,430692.0938,278796.3125
215.,288838.1875,430588.5000,280573.3125
216.,287174.5938,430475.8750,282349.5312
217.,285520.6250,430353.8125,284125.5312
218.,283876.1250,430223.1250,285900.6562
219.,282241.0938,430083.3438,287675.5312
220.,280615.5000,429934.8125,289449.5312
221.,278999.3125,429777.4062,291223.2812
222.,277392.3438,429611.5625,292996.3125
223.,275794.7188,429436.9375,294768.2188
224.,274206.2500,429254.0000,296539.9688
225.,272626.9375,429062.6875,298310.4062
226.,271056.7188,428863.1562,300080.1875
227.,269495.5312,428655.2812,301849.0938
228.,267943.3438,428439.2500,303617.4062
229.,266400.1250,428215.2812,305384.5938
230.,264865.7812,427983.3125,307150.9062
231.,263340.2500,427743.5000,308916.1250
232.,261823.5312,427496.0000,310680.4375
233.,260315.5625,427240.6250,312443.7812
234.,258816.2500,426977.7812,314206.0312
235.,257325.5625,426707.3125,315967.0000
236.,255843.4531,426429.5312,317727.0000
237.,254369.9375,426144.1562,319486.0000
238.,252904.8594,425851.6875,321243.4062
239.,251448.2500,425551.9062,323000.1562
240.,250000.0000,425245.0312,324754.8125
241.,248560.1094,424931.0000,326508.8750
242.,247128.5000,424610.0312,328261.5312
243.,245705.1562,424282.1562,330012.6250
244.,244290.0000,423947.5312,331762.4375
245.,242883.0000,423606.1250,333511.0312
246.,241484.0781,423257.9375,335257.7500
247.,240093.2500,422903.1562,337003.6250
248.,238710.4062,422541.9688,338747.7500
249.,237335.5469,422174.1250,340490.1250
250.,235968.5781,421800.0938,342231.4062
251.,234609.5156,421419.7188,343970.5625
252.,233258.2500,421032.9375,345708.7188
253.,231914.7812,420640.1250,347445.0312
254.,230579.0469,420241.1562,349179.8750
255.,229251.0312,419836.1250,350912.9375
256.,227930.6250,419425.3125,352644.0625
257.,226617.8594,419008.2812,354373.9062
258.,225312.6250,418585.6875,356101.5625
259.,224014.9219,418157.2188,357827.6875
260.,222724.6719,417723.0312,359552.2188
261.,221441.8906,417283.2812,361274.7812
262.,220166.4688,416838.0000,362995.4688
263.,218898.4219,416387.0625,364714.5312
264.,217637.6406,415930.8750,366431.6250
265.,216384.1562,415469.3125,368146.6250
266.,215137.8594,415002.3125,369859.7500
267.,213898.7656,414530.2188,371571.1250
268.,212666.7969,414052.6875,373280.6562
269.,211441.9375,413570.3438,374987.8125
270.,210224.1094,413082.8438,376693.0000
271.,209013.3125,412590.2500,378396.5938
272.,207809.4844,412092.9062,380097.4375
273.,206612.5938,411590.5625,381796.8125
274.,205422.5781,411083.4062,383493.9375
275.,204239.4375,410571.5312,385189.0625
276.,203063.0938,410055.0312,386882.1250
277.,201893.5469,409533.7500,388572.7812
278.,200730.7188,409008.0625,390261.2500
279.,199574.6094,408477.7500,391947.8438
280.,198425.1250,407942.9688,393631.9375
281.,197282.2969,407403.7812,395313.9375
282.,196146.0312,406860.2500,396993.8438
283.,195016.3281,406312.3750,398671.1250
284.,193893.0938,405760.4062,400346.4375
285.,192776.3594,405204.0312,402019.7500
286.,191666.0312,404643.8438,403690.0938
287.,190562.1406,404079.3750,405358.5938
288.,189464.5625,403510.8438,407024.4688
289.,188373.3438,402938.4688,408688.2500
290.,187288.3906,402362.2812,410349.2812
291.,186209.6875,401781.9062,412008.3438
292.,185137.2031,401197.9688,413664.8125
293.,184070.8906,400610.2500,415319.0312
294.,183010.7188,400018.6562,416970.5312
295.,181956.6562,399423.5938,418619.6562
296.,180908.6562,398824.8125,420266.7188
297.,179866.7031,398222.5312,421910.7500
298.,178830.7500,397616.7188,423552.5938
299.,177800.7656,397007.4062,425191.8125
300.,176776.6875,396394.8125,426828.4375
301.,175758.5469,395778.6875,428462.9375
302.,174746.2500,395159.3125,430094.4688
303.,173739.7969,394536.7188,431723.5312
304.,172739.1094,393910.9062,433349.7500
305.,171744.2188,393281.8125,434974.0938
306.,170755.0312,392649.6562,436595.4375
307.,169771.5625,392014.4688,438213.9688
308.,168793.7344,391376.1562,439830.0000
309.,167821.5781,390734.9375,441443.4375
310.,166854.9844,390090.6875,443054.3750
311.,165893.9688,389443.5625,444662.5938
312.,164938.5000,388793.6562,446267.8438
313.,163988.5156,388140.7812,447870.8750
314.,163044.0000,387485.2812,449470.6562
315.,162104.9531,386826.9375,451068.2188
316.,161171.2812,386165.9688,452663.0625
317.,160243.0156,385502.3125,454254.6562
318.,159320.0781,384836.2188,455843.7812
319.,158402.4688,384167.2188,457430.4375
320.,157490.1406,383496.0000,459014.1250
321.,156583.0781,382822.1875,460594.8125
322.,155681.2031,382146.0000,462173.0312
323.,154784.5625,381467.3125,463748.2812
324.,153893.0469,380786.2812,465320.7812
325.,153006.7031,380102.9688,466890.3125
326.,152125.4375,379417.5000,468456.8750
327.,151249.2812,378729.5938,470021.4688
328.,150378.1250,378039.5938,471582.0625
329.,149512.0156,377347.3438,473140.9375
330.,148650.8906,376653.0625,474696.0938
331.,147794.7344,375956.5625,476248.7812
332.,146943.5000,375258.2188,477798.2188
333.,146097.1719,374557.5938,479345.1875
334.,145255.7031,373855.1562,480888.9375
335.,144419.0938,373150.7812,482429.9375
336.,143587.2969,372444.4688,483968.2500
337.,142760.3125,371736.2500,485503.3125
338.,141938.0469,371026.2188,487035.6562
339.,141120.5469,370314.3750,488565.2500
340.,140307.7500,369600.8125,490091.4062
341.,139499.6562,368885.3438,491615.0625
342.,138696.1719,368168.4375,493135.5000
343.,137897.3594,367449.7188,494653.1875
344.,137103.1250,366729.3125,496167.6875
345.,136313.4688,366007.4375,497678.9375
346.,135528.3594,365283.9688,499187.7188
347.,134747.7656,364558.9062,500693.2812
348.,133971.6719,363832.4062,502195.8438
349.,133200.0625,363104.4062,503695.4688
350.,132432.9062,362374.8125,505192.3438
351.,131670.1250,361644.1250,506685.7500
352.,130911.7656,360911.8750,508176.1562
353.,130157.7656,360178.2500,509663.8750
354.,129408.1328,359443.3438,511148.5938
355.,128662.7656,358707.2188,512630.0938
356.,127921.7266,357969.8125,514108.1250
357.,127184.9688,357231.1562,515583.6562
358.,126452.4453,356491.2500,517056.2500
359.,125724.1094,355750.3438,518525.5938
360.,125000.0000,355008.2500,519991.7188
361.,124280.0547,354264.9375,521455.0938
362.,123564.2656,353520.5938,522915.0312
363.,122852.5625,352775.3438,524372.0000
364.,122145.0000,352028.8438,525825.9375
365.,121441.5000,351281.4688,527276.9375
366.,120742.0547,350533.1875,528725.0000
367.,120046.6094,349783.9062,530169.5000
368.,119355.2031,349033.6875,531610.8750
369.,118667.7734,348282.5000,533049.6875
370.,117984.3047,347530.5938,534485.0625
371.,117304.7422,346777.9375,535917.1875
372.,116629.1250,346024.2500,537346.6250
373.,115957.3906,345269.9062,538772.8125
374.,115289.5391,344514.7500,540195.8125
375.,114625.5000,343758.9375,541615.5625
376.,113965.3125,343002.4062,543032.0625
377.,113308.9297,342245.1875,544445.8750
378.,112656.3203,341487.2500,545856.4375
379.,112007.4453,340728.8125,547263.8125
380.,111362.3359,339969.6875,548667.6875
381.,110720.9453,339209.9062,550068.8125
382.,110083.2422,338449.6250,551467.0000
383.,109449.1953,337688.8750,552862.0000
384.,108818.8203,336927.5625,554253.4375
385.,108192.0781,336165.7500,555642.1875
386.,107568.9453,335403.4062,557027.7500
387.,106949.3750,334640.7812,558409.8125
388.,106333.3984,333877.6875,559788.8750
389.,105720.9688,333114.0938,561164.9375
390.,105112.0625,332350.1875,562537.8750
391.,104506.6406,331586.0312,563907.2500
392.,103904.7422,330821.3438,565273.9375
393.,103306.2969,330056.4375,566637.1250
394.,102711.2969,329291.2812,567997.6250
395.,102119.7031,328525.8438,569354.3750
396.,101531.5469,327760.0938,570708.1875
397.,100946.7734,326994.0938,572059.0000
398.,100365.3672,326227.9688,573406.8125
399.,99787.2969,325461.7188,574750.9375
400.,99212.5625,324695.1562,576092.3125
401.,98641.1484,323928.5312,577430.2500
402.,98073.0234,323161.7500,578765.4375
403.,97508.1484,322394.8750,580096.8750
404.,96946.5469,321627.9062,581425.3750
405.,96388.1797,320860.8750,582750.8750
406.,95833.0312,320093.7188,584073.4375
407.,95281.0547,319326.6562,585392.2500
408.,94732.2812,318559.5625,586708.3125
409.,94186.6719,317792.3438,588020.6875
410.,93644.2031,317025.2500,589330.5625
411.,93104.8281,316258.1875,590637.2500
412.,92568.6016,315491.1562,591940.4375
413.,92035.4453,314724.2500,593240.4375
414.,91505.3672,313957.3125,594537.1875
415.,90978.3203,313190.6250,595831.1875
416.,90454.3281,312424.0625,597121.5000
417.,89933.3516,311657.5312,598409.0625
418.,89415.3750,310891.2188,599693.3750
419.,88900.3750,310125.1875,600974.5000
420.,88388.3438,309359.1875,602252.1875
421.,87879.2734,308593.5000,603527.3750
422.,87373.1328,307828.0000,604798.8125
423.,86869.8828,307062.7812,606067.5000
424.,86369.5547,306297.8125,607332.7500
425.,85872.1094,305533.0000,608595.0625
426.,85377.5312,304768.5625,609853.8750
427.,84885.7656,304004.5312,611109.6875
428.,84396.8672,303240.6562,612362.3125
429.,83910.7891,302477.1875,613611.9375
430.,83427.5000,301714.0625,614858.3125
431.,82946.9766,300951.3438,616101.5000
432.,82469.2500,300188.9375,617341.6875
433.,81994.2578,299427.0312,618578.6875
434.,81522.0078,298665.3750,619812.6875
435.,81052.4688,297904.3125,621043.4375
436.,80585.6406,297143.5938,622270.7500
437.,80121.5078,296383.2500,623495.3750
438.,79660.0469,295623.4375,624716.6875
439.,79201.2266,294864.1250,625934.6250
440.,78745.0703,294105.3125,627149.7500
441.,78291.5312,293346.9688,628361.4375
442.,77840.6094,292589.0625,629570.1250
443.,77392.2656,291831.8438,630775.8750
444.,76946.5234,291075.0938,631978.1250
445.,76503.3516,290318.8750,633177.6875
446.,76062.7344,289563.2188,634374.0000
447.,75624.6250,288808.2500,635567.3125
448.,75189.0625,288053.7188,636757.1875
449.,74756.0078,287299.8750,637944.0625
450.,74325.4531,286546.6250,639128.0000
451.,73897.3516,285794.0000,640308.6875
452.,73471.7500,285042.0000,641486.1250
453.,73048.5859,284290.6250,642660.8750
454.,72627.8594,283539.9688,643831.8750
455.,72209.5391,282790.0625,645000.4375
456.,71793.6484,282040.6562,646165.7500
457.,71380.1562,281292.0312,647327.8125
458.,70969.0391,280544.1875,648486.9375
459.,70560.2656,279796.9688,649642.8125
460.,70153.8750,279050.5000,650795.5000
461.,69749.8281,278304.7812,651945.4375
462.,69348.0938,277559.7500,653092.1250
463.,68948.6719,276815.5938,654235.6250
464.,68551.5625,276072.1250,655376.1250
465.,68156.7344,275329.4062,656513.9375
466.,67764.1875,274587.5000,657648.2500
467.,67373.8828,273846.5000,658779.5625
468.,66985.8359,273106.1562,659907.9375
469.,66600.0312,272366.6875,661033.3125
470.,66216.4531,271628.0000,662155.5000
471.,65835.0625,270890.2812,663274.6875
472.,65455.8828,270153.2812,664390.8750
473.,65078.8828,269417.1875,665504.1250
474.,64704.0664,268681.9062,666613.8750
475.,64331.3828,267947.6250,667721.1250
476.,63960.8633,267214.0938,668824.9375
477.,63592.4844,266481.5000,669926.0625
478.,63226.2227,265749.8125,671023.8750
479.,62862.0547,265019.0312,672119.0000
480.,62500.0000,264289.1875,673210.6875
481.,62140.0273,263560.2188,674299.8750
482.,61782.1328,262832.1562,675385.5625
483.,61426.2812,262105.1406,676468.5625
484.,61072.5000,261379.0000,677548.3125
485.,60720.7500,260653.8750,678625.5625
486.,60371.0273,259929.5781,679699.3750
487.,60023.3047,259206.3594,680770.4375
488.,59677.6016,258484.1250,681838.3125
489.,59333.8867,257762.8438,682903.1875
490.,58992.1523,257042.6406,683965.3125
491.,58652.3711,256323.2812,685024.5000
492.,58314.5625,255605.0156,686080.4375
493.,57978.6953,254887.7656,687133.6875
494.,57644.7695,254171.5625,688183.6250
495.,57312.7500,253456.4531,689230.4375
496.,56982.6562,252742.2812,690275.1875
497.,56654.4609,252029.0469,691316.2500
498.,56328.1602,251317.0156,692354.6250
499.,56003.7227,250606.0469,693390.5000
500.,55681.1680,249896.1250,694422.6250
501.,55360.4727,249187.2188,695452.5000
502.,55041.6211,248479.4219,696478.9375
503.,54724.5977,247772.6562,697502.6875
504.,54409.4102,247067.0312,698523.6250
505.,54096.0391,246362.5312,699541.4375
506.,53784.4727,245659.0781,700556.4375
507.,53474.6875,244956.7969,701568.5000
508.,53166.6992,244255.4531,702577.5625
509.,52860.4844,243555.3750,703584.4375
510.,52556.0312,242856.4062,704587.5625
511.,52253.3203,242158.6094,705587.9375
512.,51952.3711,241461.8750,706585.8750
513.,51653.1484,240766.3281,707580.5625
514.,51355.6484,240071.7656,708572.5000
515.,51059.8516,239378.5312,709561.5000
516.,50765.7734,238686.4219,710547.5000
517.,50473.3867,237995.4531,711531.0625
518.,50182.6836,237305.6406,712511.8750
519.,49893.6484,236616.9531,713489.1875
520.,49606.2812,235929.4844,714464.3125
521.,49320.5742,235243.1875,715436.4375
522.,49036.5117,234558.1094,716405.5625
523.,48754.0742,233874.2500,717371.7500
524.,48473.2734,233191.5469,718335.1875
525.,48194.0898,232509.8906,719296.1250
526.,47916.5156,231829.5938,720253.8750
527.,47640.5273,231150.5000,721208.8750
528.,47366.1406,230472.5938,722161.4375
529.,47093.3359,229795.9062,723110.7500
530.,46822.1016,229120.4531,724057.3125
531.,46552.4141,228446.1562,725001.6875
532.,46284.3008,227773.1094,725942.5625
533.,46017.7227,227101.3281,726880.9375
534.,45752.6836,226430.7969,727816.6250
535.,45489.1602,225761.4688,728749.3125
536.,45227.1641,225093.3281,729679.5625
537.,44966.6758,224426.4844,730606.8125
538.,44707.6875,223760.8906,731531.5625
539.,44450.1875,223096.6094,732453.0625
540.,44194.1719,222433.5156,733372.3750
541.,43939.6367,221771.7188,734288.6875
542.,43686.5664,221111.0469,735202.3125
543.,43434.9414,220451.7969,736113.1875
544.,43184.7773,219793.7969,737021.3125
545.,42936.0547,219137.0156,737926.7500
546.,42688.7617,218481.5312,738829.9375
547.,42442.8828,217827.2812,739729.8750
548.,42198.4336,217174.3594,740627.1250
549.,41955.3945,216522.7344,741521.8750
550.,41713.7500,215872.3594,742413.8750
551.,41473.4883,215223.3438,743303.1875
552.,41234.6250,214575.5625,744189.7500
553.,40997.1289,213929.0000,745073.8750
554.,40761.0039,213283.8281,745955.0000
555.,40526.2344,212639.9844,746833.8750
556.,40292.8203,211997.4219,747709.7500
557.,40060.7539,211356.1094,748582.9375
558.,39830.0234,210716.1562,749453.6250
559.,39600.6133,210077.4531,750322.1250
560.,39372.5352,209440.0938,751187.3125
561.,39145.7656,208804.0625,752050.1250
562.,38920.3047,208169.3281,752910.3750
563.,38696.1328,207535.9688,753767.6875
564.,38473.2617,206903.8125,754623.0000
565.,38251.6758,206273.0312,755475.3750
566.,38031.3672,205643.6094,756325.0000
567.,37812.3125,205015.5312,757172.3750
568.,37594.5312,204388.7500,758017.0000
569.,37378.0039,203763.2812,758858.9375
570.,37162.7266,203139.0938,759698.1250
571.,36948.6758,202516.3125,760535.1250
572.,36735.8711,201894.8594,761369.1250
573.,36524.2930,201274.7344,762201.1250
574.,36313.9297,200655.9375,763030.1875
575.,36104.7695,200038.5469,763856.7500
576.,35896.8242,199422.3438,764680.8125
577.,35690.0781,198807.5781,765502.3750
578.,35484.5195,198194.1562,766321.2500
579.,35280.1328,197582.0938,767137.8750
580.,35076.9375,196971.3594,767951.5625
581.,34874.9141,196361.9062,768763.2500
582.,34674.0469,195753.8750,769572.1875
583.,34474.3359,195147.1875,770378.1250
584.,34275.7812,194541.8594,771182.3750
585.,34078.3672,193937.8750,771983.6250
586.,33882.0938,193335.2500,772782.6875
587.,33686.9414,192733.9062,773579.2500
588.,33492.9180,192133.9844,774373.3125
589.,33300.0156,191535.4062,775164.6250
590.,33108.2266,190938.1875,775953.7500
591.,32917.5312,190342.3438,776739.8750
592.,32727.9414,189747.7656,777524.2500
593.,32539.4414,189154.6406,778305.9375
594.,32352.0332,188562.8438,779085.3750
595.,32165.6914,187972.4375,779861.8125
596.,31980.4316,187383.3906,780636.3125
597.,31796.2422,186795.6406,781408.0625
598.,31613.1113,186209.2344,782177.8125
599.,31431.0273,185624.2812,782944.8750
600.,31250.0000,185040.6562,783709.1875
601.,31070.0137,184458.4062,784471.7500
602.,30891.0664,183877.5156,785231.5625
603.,30713.1406,183298.0000,785988.9375
604.,30536.2500,182719.7500,786744.0625
605.,30360.3750,182142.9531,787496.7500
606.,30185.5137,181567.5000,788246.9375
607.,30011.6523,180993.4375,788994.8750
608.,29838.8008,180420.7344,789740.5625
609.,29666.9434,179849.3125,790483.8125
610.,29496.0762,179279.3438,791224.5625
611.,29326.1855,178710.7344,791963.0625
612.,29157.2812,178143.4844,792699.1250
613.,28989.3477,177577.5938,793433.1875
614.,28822.3848,177013.0781,794164.5000
615.,28656.3750,176449.8750,794893.8125
616.,28491.3281,175888.0781,795620.6875
617.,28327.2305,175327.6406,796345.0625
618.,28164.0801,174768.5625,797067.5000
619.,28001.8613,174210.8906,797787.1250
620.,27840.5840,173654.4844,798504.8125
621.,27680.2363,173099.5000,799220.3125
622.,27520.8105,172545.8906,799933.2500
623.,27362.2988,171993.6719,800644.0000
624.,27204.7051,171442.7812,801352.2500
625.,27048.0195,170893.2656,802058.8125
626.,26892.2363,170345.0156,802762.8125
627.,26737.3438,169798.2500,803464.4375
628.,26583.3496,169252.8125,804164.0000
629.,26430.2422,168708.7344,804860.8750
630.,26278.0156,168166.0156,805556.1875
631.,26126.6602,167624.6875,806248.6250
632.,25976.1855,167084.6250,806939.2500
633.,25826.5742,166545.9844,807627.4375
634.,25677.8242,166008.6875,808313.3750
635.,25529.9258,165472.7812,808997.3750
636.,25382.8867,164938.2188,809679.0625
637.,25236.6934,164404.9375,810358.3125
638.,25091.3418,163873.0938,811035.5625
639.,24946.8242,163342.6094,811710.6250
640.,24803.1406,162813.4531,812383.6875
641.,24660.2871,162285.6562,813054.0000
642.,24518.2559,161759.2188,813722.5625
643.,24377.0371,161234.0781,814388.9375
644.,24236.6367,160710.3438,815052.8125
645.,24097.0449,160187.9375,815714.9375
646.,23958.2578,159666.8906,816374.8125
647.,23820.2637,159147.2031,817032.5000
648.,23683.0703,158628.7969,817688.1875
649.,23546.6680,158111.8125,818341.6875
650.,23411.0508,157596.1406,818992.8750
651.,23276.2070,157081.8281,819641.8750
652.,23142.1504,156568.8594,820289.1250
653.,23008.8613,156057.2344,820933.6875
654.,22876.3418,155546.8906,821576.6875
655.,22744.5801,155037.9375,822217.5000
656.,22613.5820,154530.3281,822855.8750
657.,22483.3379,154024.0469,823492.6875
658.,22353.8438,153519.1250,824127.0625
659.,22225.0938,153015.5156,824759.4375
660.,22097.0859,152513.1875,825389.8125
661.,21969.8184,152012.2344,826017.7500
662.,21843.2832,151512.6250,826644.1875
663.,21717.4707,151014.3906,827268.1250
664.,21592.3887,150517.4219,827890.3125
665.,21468.0273,150021.7344,828510.0625
666.,21344.3809,149527.4688,829128.0625
667.,21221.4414,149034.4844,829744.0625
668.,21099.2168,148542.8438,830357.8125
669.,20977.6973,148052.5000,830969.6250
670.,20856.8750,147563.5000,831579.6875
671.,20736.7441,147075.7500,832187.5000
672.,20617.3125,146589.3906,832793.3750
673.,20498.5645,146104.3281,833396.9375
674.,20380.5020,145620.6094,833999.0625
675.,20263.1172,145138.1875,834599.0000
676.,20146.4102,144657.0156,835196.6250
677.,20030.3770,144177.2188,835792.3125
678.,19915.0117,143698.7031,836386.2500
679.,19800.3066,143221.5469,836978.1875
680.,19686.2676,142745.6562,837567.9375
681.,19572.8828,142271.0938,838155.9375
682.,19460.1523,141797.7344,838742.1875
683.,19348.0664,141325.7812,839326.4375
684.,19236.6309,140855.1094,839908.2500
685.,19125.8379,140385.7188,840488.2500
686.,19015.6836,139917.6406,841066.5625
687.,18906.1562,139450.8594,841642.9375
688.,18797.2656,138985.2969,842217.2500
689.,18689.0020,138521.0938,842789.8750
690.,18581.3633,138058.1875,843360.5000
691.,18474.3379,137596.5781,843929.1250
692.,18367.9355,137136.2188,844495.8125
693.,18262.1465,136677.0938,845061.0000
694.,18156.9609,136219.3438,845623.6875
695.,18052.3906,135762.8125,846184.6250
696.,17948.4121,135307.6094,846744.1250
697.,17845.0332,134853.6875,847301.3125
698.,17742.2598,134400.9844,847856.8125
699.,17640.0664,133949.5625,848410.3750
700.,17538.4727,133499.4219,848962.1250
701.,17437.4570,133050.5938,849511.9375
702.,17337.0195,132603.0156,850060.0000
703.,17237.1719,132156.6719,850606.0625
704.,17137.8906,131711.6094,851150.6875
705.,17039.1797,131267.7969,851693.0000
706.,16941.0469,130825.2500,852233.8750
707.,16843.4707,130383.9766,852772.5000
708.,16746.4629,129943.9531,853309.6875
709.,16650.0078,129505.1797,853844.8125
710.,16554.1074,129067.6328,854378.2500
711.,16458.7676,128631.3516,854909.9375
712.,16363.9707,128196.3516,855439.6875
713.,16269.7178,127762.5859,855967.8750
714.,16176.0166,127330.0469,856494.1250
715.,16082.8457,126898.7734,857018.3750
716.,15990.2197,126468.6719,857540.8750
717.,15898.1211,126039.8828,858062.1875
718.,15806.5518,125612.3125,858581.2500
719.,15715.5176,125185.9688,859098.5625
720.,15625.0000,124760.8672,859614.3750
721.,15535.0039,124336.9609,860127.9375
722.,15445.5332,123914.3047,860640.0625
723.,15356.5703,123492.8984,861150.4375
724.,15268.1279,123072.6797,861659.3125
725.,15180.1875,122653.7266,862165.9375
726.,15092.7529,122235.9844,862671.3750
727.,15005.8301,121819.3828,863175.0000
728.,14919.4004,121404.0781,863676.4375
729.,14833.4678,120989.9766,864176.4375
730.,14748.0381,120577.0703,864674.8750
731.,14663.0928,120165.3906,865171.6250
732.,14578.6445,119754.8984,865666.3125
733.,14494.6738,119345.5938,866159.8125
734.,14411.1885,118937.5312,866651.1250
735.,14328.1904,118530.6484,867140.8750
736.,14245.6641,118124.9844,867629.4375
737.,14163.6123,117720.5000,868115.7500
738.,14082.0400,117317.1719,868600.8125
739.,14000.9307,116915.0859,869084.1875
740.,13920.2959,116514.1641,869565.7500
741.,13840.1182,116114.4688,870045.3750
742.,13760.4023,115715.9375,870523.7500
743.,13681.1533,115318.5703,871000.3750
744.,13602.3525,114922.3750,871475.5625
745.,13524.0059,114527.3984,871948.4375
746.,13446.1182,114133.5703,872420.1250
747.,13368.6719,113740.9375,872890.3125
748.,13291.6777,113349.4453,873358.8125
749.,13215.1211,112959.1250,873826.0000
750.,13139.0049,112570.0000,874291.0000
751.,13063.3340,112182.0156,874754.5000
752.,12988.0928,111795.2266,875216.7500
753.,12913.2842,111409.5859,875677.2500
754.,12838.9121,111025.0938,876136.0625
755.,12764.9629,110641.7266,876593.3125
756.,12691.4463,110259.5391,877048.8750
757.,12618.3467,109878.5156,877503.4375
758.,12545.6689,109498.6484,877955.8125
759.,12473.4150,109119.8906,878406.6250
760.,12401.5703,108742.3281,878856.0000
761.,12330.1406,108365.8516,879304.1250
762.,12259.1279,107990.5312,879750.2500
763.,12188.5186,107616.3672,880195.1875
764.,12118.3213,107243.3281,880638.3125
765.,12048.5225,106871.4141,881080.0000
766.,11979.1260,106500.6250,881520.1875
767.,11910.1348,106130.9609,881958.8750
768.,11841.5352,105762.4531,882396.0625
769.,11773.3311,105395.0703,882831.5625
770.,11705.5254,105028.7891,883265.5625
771.,11638.1035,104663.6328,883698.3125
772.,11571.0771,104299.5312,884129.5625
773.,11504.4307,103936.6250,884558.8125
774.,11438.1680,103574.8125,884986.8750
775.,11372.2920,103214.0938,885413.6250
776.,11306.7910,102854.5000,885838.4375
777.,11241.6660,102495.9766,886262.5000
778.,11176.9219,102138.5781,886684.6250
779.,11112.5469,101782.2812,887105.1875
780.,11048.5459,101427.0703,887524.3125
781.,10984.9092,101072.9766,887942.1875
782.,10921.6387,100719.9766,888358.3125
783.,10858.7383,100368.0156,888773.4375
784.,10796.1943,100017.1875,889186.3125
785.,10734.0107,99667.4375,889598.7500
786.,10672.1904,99318.7656,890009.1875
787.,10610.7207,98971.1719,890417.8750
788.,10549.6113,98624.6562,890825.8125
789.,10488.8486,98279.1875,891232.0000
790.,10428.4355,97934.8438,891636.7500
791.,10368.3750,97591.5469,892040.0000
792.,10308.6553,97249.3359,892442.1875
793.,10249.2803,96908.1797,892842.5000
794.,10190.2510,96568.0391,893241.7500
795.,10131.5586,96229.0234,893639.5000
796.,10073.2080,95891.0391,894035.8125
797.,10015.1885,95554.1250,894430.6250
798.,9957.5039,95218.2656,894824.1875
799.,9900.1553,94883.4531,895216.2500
800.,9843.1338,94549.6641,895607.0625
801.,9786.4395,94216.9609,895996.6875
802.,9730.0762,93885.2656,896384.5625
803.,9674.0332,93554.6484,896771.3750
804.,9618.3174,93225.0469,897156.5000
805.,9562.9189,92896.5078,897540.6875
806.,9507.8389,92568.9609,897923.0625
807.,9453.0811,92242.4609,898304.2500
808.,9398.6328,91917.0078,898684.3750
809.,9344.5000,91592.5859,899062.8125
810.,9290.6816,91269.1719,899440.0625
811.,9237.1689,90946.7578,899816.2500
812.,9183.9707,90625.3828,900190.6875
813.,9131.0732,90305.0391,900563.9375
814.,9078.4805,89985.7188,900935.9375
815.,9026.1943,89667.3906,901306.4375
816.,8974.2061,89350.0859,901675.6875
817.,8922.5166,89033.7578,902043.6875
818.,8871.1299,88718.4531,902410.5000
819.,8820.0332,88404.1562,902776.0000
820.,8769.2363,88090.8672,903139.8125
821.,8718.7285,87778.5703,903502.6250
822.,8668.5098,87467.2578,903864.1875
823.,8618.5859,87156.9297,904224.5000
824.,8568.9453,86847.6172,904583.3750
825.,8519.5898,86539.2969,904941.2500
826.,8470.5234,86231.9531,905297.3125
827.,8421.7354,85925.6016,905652.4375
828.,8373.2314,85620.1875,906006.8750
829.,8325.0039,85315.7891,906359.0000
830.,8277.0537,85012.3672,906710.6250
831.,8229.3838,84709.9219,907060.8125
832.,8181.9854,84408.4375,907409.7500
833.,8134.8589,84107.9375,907757.1875
834.,8088.0083,83808.3672,908103.6250
835.,8041.4229,83509.7891,908448.8125
836.,7995.1099,83212.1719,908793.0000
837.,7949.0605,82915.5000,909135.2500
838.,7903.2759,82619.8125,909477.0000
839.,7857.7588,82325.0312,909817.2500
840.,7812.5000,82031.2422,910156.2500
841.,7767.5020,81738.3984,910494.2500
842.,7722.7666,81446.4922,910830.5000
843.,7678.2852,81155.5547,911166.0625
844.,7634.0640,80865.5312,911500.6250
845.,7590.0938,80576.4297,911833.6250
846.,7546.3765,80288.3047,912165.4375
847.,7502.9150,80001.1016,912496.0625
848.,7459.7002,79714.8438,912825.6250
849.,7416.7339,79429.5156,913153.6875
850.,7374.0190,79145.0703,913481.0625
851.,7331.5464,78861.5938,913806.9375
852.,7289.3223,78579.0312,914131.8125
853.,7247.3369,78297.3906,914455.1875
854.,7205.5942,78016.6797,914777.8125
855.,7164.0952,77736.8750,915098.9375
856.,7122.8320,77457.9609,915419.1250
857.,7081.8062,77179.9766,915738.5000
858.,7041.0200,76902.9062,916056.1875
859.,7000.4653,76626.7500,916372.6250
860.,6960.1479,76351.4766,916688.3125
861.,6920.0591,76077.1250,917002.7500
862.,6880.2012,75803.6484,917316.2500
863.,6840.5767,75531.0781,917628.4375
864.,6801.1763,75259.4062,917939.4375
865.,6762.0029,74988.6328,918249.4375
866.,6723.0591,74718.7422,918558.1875
867.,6684.3359,74449.7266,918865.9375
868.,6645.8389,74181.6016,919172.4375
869.,6607.5605,73914.3750,919478.2500
870.,6569.5024,73648.0312,919782.5000
871.,6531.6670,73382.5469,920085.8125
872.,6494.0464,73117.9609,920387.8750
873.,6456.6421,72854.2188,920689.1875
874.,6419.4561,72591.3594,920989.2500
875.,6382.4814,72329.3750,921288.3125
876.,6345.7231,72068.2578,921585.9375
877.,6309.1733,71808.0000,921883.0000
878.,6272.8345,71548.5938,922178.8750
879.,6236.7075,71290.0469,922473.2500
880.,6200.7852,71032.3750,922766.8125
881.,6165.0703,70775.5469,923059.2500
882.,6129.5640,70519.5781,923350.8750
883.,6094.2593,70264.4531,923641.2500
884.,6059.1606,70010.1562,923930.6875
885.,6024.2612,69756.7344,924218.8125
886.,5989.5630,69504.1484,924506.2500
887.,5955.0674,69252.4062,924792.6875
888.,5920.7676,69001.5000,925077.6250
889.,5886.6655,68751.4375,925362.0625
890.,5852.7627,68502.1641,925645.0000
891.,5819.0518,68253.7656,925927.2500
892.,5785.5386,68006.1797,926208.4375
893.,5752.2153,67759.4375,926488.4375
894.,5719.0840,67513.5156,926767.4375
895.,5686.1460,67268.3828,927045.4375
896.,5653.3955,67024.1094,927322.4375
897.,5620.8330,66780.6406,927598.6875
898.,5588.4609,66537.9844,927873.5000
899.,5556.2734,66296.1562,928147.5000
900.,5524.2729,66055.1250,928420.5625
901.,5492.4546,65814.8828,928692.6250
902.,5460.8193,65575.4766,928963.6250
903.,5429.3691,65336.8672,929233.9375
904.,5398.0972,65099.0625,929502.8125
905.,5367.0054,64862.0547,929771.1250
906.,5336.0952,64625.8242,930038.1875
907.,5305.3604,64390.4062,930304.3125
908.,5274.8057,64155.7773,930569.6250
909.,5244.4243,63921.9531,930833.7500
910.,5214.2178,63688.9102,931096.8750
911.,5184.1875,63456.6523,931359.2500
912.,5154.3276,63225.1562,931620.6250
913.,5124.6401,62994.4727,931880.7500
914.,5095.1255,62764.5508,932140.4375
915.,5065.7793,62535.4180,932398.8125
916.,5036.6040,62307.0469,932656.5000
917.,5007.5942,62079.4609,932912.9375
918.,4978.7520,61852.6289,933168.5625
919.,4950.0776,61626.5664,933423.5000
920.,4921.5669,61401.2891,933677.0000
921.,4893.2197,61176.7734,933930.1875
922.,4865.0381,60953.0117,934182.1250
923.,4837.0166,60729.9883,934433.1250
924.,4809.1587,60507.7461,934683.0625
925.,4781.4595,60286.2617,934932.3125
926.,4753.9194,60065.5234,935180.8125
927.,4726.5405,59845.5312,935428.0625
928.,4699.3164,59626.3047,935674.3125
929.,4672.2500,59407.7969,935920.0625
930.,4645.3408,59190.0469,936164.5625
931.,4618.5845,58973.0391,936408.3750
932.,4591.9854,58756.7773,936651.3750
933.,4565.5366,58541.2461,936893.1875
934.,4539.2402,58326.4609,937134.2500
935.,4513.0972,58112.3750,937374.5000
936.,4487.1030,57899.0508,937613.5625
937.,4461.2583,57686.4570,937852.3750
938.,4435.5649,57474.5781,938090.0000
939.,4410.0166,57263.4375,938326.3125
940.,4384.6182,57052.9883,938562.3750
941.,4359.3643,56843.2891,938797.5000
942.,4334.2549,56634.3047,939031.6250
943.,4309.2930,56426.0312,939264.6875
944.,4284.4727,56218.4805,939497.0625
945.,4259.7949,56011.6367,939728.4375
946.,4235.2617,55805.4844,939959.3125
947.,4210.8677,55600.0625,940189.2500
948.,4186.6157,55395.3359,940417.8750
949.,4162.5020,55191.3242,940646.2500
950.,4138.5269,54988.0078,940873.6875
951.,4114.6919,54785.3750,941099.8750
952.,4090.9927,54583.4570,941325.5000
953.,4067.4294,54382.2344,941550.4375
954.,4044.0042,54181.6992,941774.3750
955.,4020.7114,53981.8594,941997.5625
956.,3997.5549,53782.7070,942219.5000
957.,3974.5303,53584.2227,942441.2500
958.,3951.6379,53386.4492,942661.6875
959.,3928.8794,53189.3516,942881.9375
960.,3906.2500,52992.9375,943100.8750
961.,3883.7510,52797.1992,943319.1250
962.,3861.3833,52602.1406,943536.3750
963.,3839.1426,52407.7383,943753.1250
964.,3817.0320,52214.0195,943968.8750
965.,3795.0469,52020.9844,944184.1250
966.,3773.1882,51828.6055,944398.1250
967.,3751.4575,51636.8984,944611.6250
968.,3729.8501,51445.8398,944824.1875
969.,3708.3669,51255.4609,945036.1875
970.,3687.0095,51065.7539,945247.2500
971.,3665.7732,50876.6758,945457.5625
972.,3644.6611,50688.2539,945667.1250
973.,3623.6685,50500.5234,945875.6875
974.,3602.7971,50313.4062,946083.7500
975.,3582.0476,50126.9688,946291.0625
976.,3561.4160,49941.1523,946497.6250
977.,3540.9031,49755.9922,946703.1875
978.,3520.5100,49571.4922,946907.8125
979.,3500.2327,49387.6133,947112.1250
980.,3480.0740,49204.3945,947315.5000
981.,3460.0295,49021.7969,947518.3750
982.,3440.1006,48839.8320,947719.7500
983.,3420.2883,48658.5273,947921.3750
984.,3400.5881,48477.8242,948121.7500
985.,3381.0015,48297.7930,948321.1250
986.,3361.5295,48118.3516,948520.2500
987.,3342.1677,47939.5742,948718.1250
988.,3322.9194,47761.3789,948915.5625
989.,3303.7803,47583.8164,949112.1875
990.,3284.7512,47406.9023,949308.3750
991.,3265.8335,47230.5742,949503.5625
992.,3247.0232,47054.8984,949698.1875
993.,3228.3210,46879.8086,949891.8750
994.,3209.7280,46705.3281,950084.8125
995.,3191.2407,46531.4922,950277.5000
996.,3172.8616,46358.2305,950468.9375
997.,3154.5867,46185.6094,950659.9375
998.,3136.4172,46013.5703,950849.8750
999.,3118.3538,45842.1250,951039.5625
1000.,3100.3926,45671.3203,951228.3125
1001.,3082.5352,45501.0820,951416.5625
1002.,3064.7820,45331.4766,951603.7500
1003.,3047.1296,45162.4297,951790.5000
1004.,3029.5803,44994.0078,951976.5000
1005.,3012.1306,44826.1523,952161.7500
1006.,2994.7815,44658.8906,952346.2500
1007.,2977.5337,44492.2383,952530.2500
1008.,2960.3838,44326.1523,952713.5625
1009.,2943.3328,44160.6758,952896.0625
1010.,2926.3813,43995.7539,953077.8125
1011.,2909.5259,43831.4180,953259.1250
1012.,2892.7693,43667.6836,953439.6250
1013.,2876.1077,43504.5039,953619.1875
1014.,2859.5420,43341.9297,953798.5000
1015.,2843.0730,43179.8984,953977.0625
1016.,2826.6978,43018.4414,954154.8750
1017.,2810.4165,42857.5820,954332.1875
1018.,2794.2305,42697.2617,954508.5000
1019.,2778.1367,42537.5352,954684.0625
1020.,2762.1365,42378.3477,954859.6250
1021.,2746.2273,42219.7305,955034.2500
1022.,2730.4097,42061.6953,955207.8125
1023.,2714.6846,41904.1953,955381.1875
1024.,2699.0486,41747.2773,955553.5000
1025.,2683.5027,41590.8906,955725.8750
1026.,2668.0476,41435.0859,955896.7500
1027.,2652.6802,41279.8047,956067.6250
1028.,2637.4028,41125.0742,956237.5000
1029.,2622.2122,40970.9180,956406.8750
1030.,2607.1089,40817.2930,956575.7500
1031.,2592.0938,40664.2266,956743.6250
1032.,2577.1638,40511.6914,956911.3125
1033.,2562.3201,40359.6953,957078.1875
1034.,2547.5627,40208.2539,957244.0625
1035.,2532.8896,40057.3359,957409.7500
1036.,2518.3018,39906.9766,957574.6875
1037.,2503.7971,39757.1289,957739.0625
1038.,2489.3760,39607.8164,957903.0000
1039.,2475.0388,39459.0547,958065.9375
1040.,2460.7834,39310.8086,958228.3750
1041.,2446.6099,39163.1094,958390.3125
1042.,2432.5190,39015.9102,958551.5000
1043.,2418.5083,38869.2617,958712.1875
1044.,2404.5793,38723.1133,958872.1250
1045.,2390.7297,38577.4844,959031.8750
1046.,2376.9597,38432.4062,959190.5625
1047.,2363.2703,38287.8164,959349.0625
1048.,2349.6582,38143.7695,959506.5000
1049.,2336.1250,38000.2109,959664.0000
1050.,2322.6704,37857.1680,959820.2500
1051.,2309.2922,37714.6562,959976.1875
1052.,2295.9927,37572.6367,960131.4375
1053.,2282.7683,37431.1445,960285.9375
1054.,2269.6201,37290.1406,960440.1875
1055.,2256.5486,37149.6367,960593.6875
1056.,2243.5515,37009.6641,960746.9375
1057.,2230.6292,36870.1680,960899.2500
1058.,2217.7825,36731.1875,961051.0000
1059.,2205.0083,36592.6953,961202.2500
1060.,2192.3091,36454.7148,961353.0625
1061.,2179.6821,36317.2070,961503.0625
1062.,2167.1274,36180.1992,961652.6250
1063.,2154.6465,36043.6953,961801.6875
1064.,2142.2363,35907.6680,961950.1875
1065.,2129.8975,35772.1484,962098.2500
1066.,2117.6309,35637.0898,962245.3125
1067.,2105.4338,35502.5273,962392.1250
1068.,2093.3079,35368.4609,962538.4375
1069.,2081.2510,35234.8594,962683.7500
1070.,2069.2634,35101.7578,962829.1250
1071.,2057.3459,34969.1133,962973.4375
1072.,2045.4963,34836.9531,963117.7500
1073.,2033.7147,34705.2891,963260.8750
1074.,2022.0021,34574.0703,963403.9375
1075.,2010.3557,34443.3516,963546.3125
1076.,1998.7775,34313.0781,963688.3750
1077.,1987.2651,34183.3008,963829.5000
1078.,1975.8190,34053.9688,963970.1250
1079.,1964.4397,33925.1055,964110.5000
1080.,1953.1250,33796.7227,964250.0625
1081.,1941.8755,33668.7891,964389.4375
1082.,1930.6917,33541.3359,964528.0625
1083.,1919.5713,33414.3203,964666.2500
1084.,1908.5159,33287.7656,964803.8750
1085.,1897.5234,33161.6914,964941.0000
1086.,1886.5941,33036.0508,965077.3750
1087.,1875.7288,32910.8828,965213.5625
1088.,1864.9250,32786.1484,965348.9375
1089.,1854.1835,32661.8691,965484.1250
1090.,1843.5048,32538.0547,965618.2500
1091.,1832.8866,32414.6719,965752.4375
1092.,1822.3304,32291.7539,965885.8125
1093.,1811.8342,32169.2637,966018.7500
1094.,1801.3986,32047.2168,966151.4375
1095.,1791.0238,31925.6289,966283.1250
1096.,1780.7080,31804.4648,966414.8125
1097.,1770.4515,31683.7617,966545.7500
1098.,1760.2550,31563.4785,966676.4375
1099.,1750.1163,31443.6465,966806.3750
1100.,1740.0370,31324.2305,966935.8125
1101.,1730.0148,31205.2539,967064.8125
1102.,1720.0503,31086.7246,967193.2500
1103.,1710.1442,30968.6055,967321.1875
1104.,1700.2941,30850.9355,967448.9375
1105.,1690.5007,30733.6797,967575.6250
1106.,1680.7648,30616.8457,967702.3750
1107.,1671.0839,30500.4531,967828.3750
1108.,1661.4597,30384.4668,967954.0625
1109.,1651.8901,30268.9258,968079.3125
1110.,1642.3756,30153.7852,968203.8125
1111.,1632.9167,30039.0605,968328.0625
1112.,1623.5115,29924.7773,968451.8125
1113.,1614.1605,29810.8887,968575.0625
1114.,1604.8640,29697.4316,968697.8125
1115.,1595.6204,29584.3770,968820.0625
1116.,1586.4308,29471.7441,968942.0625
1117.,1577.2933,29359.5117,969063.3750
1118.,1568.2086,29247.6875,969184.1250
1119.,1559.1769,29136.2871,969304.6250
1120.,1550.1963,29025.2773,969424.6875
1121.,1541.2676,28914.6875,969543.9375
1122.,1532.3910,28804.4883,969663.2500
1123.,1523.5648,28694.6914,969781.8125
1124.,1514.7902,28585.3086,969900.0625
1125.,1506.0653,28476.3125,970017.6250
1126.,1497.3907,28367.7305,970134.9375
1127.,1488.7668,28259.5312,970251.7500
1128.,1480.1919,28151.7246,970368.0625
1129.,1471.6664,28044.3301,970484.1250
1130.,1463.1907,27937.3125,970599.4375
1131.,1454.7629,27830.7031,970714.7500
1132.,1446.3846,27724.4688,970829.3125
1133.,1438.0538,27618.6387,970943.3750
1134.,1429.7710,27513.1836,971057.1875
1135.,1421.5365,27408.1133,971170.3125
1136.,1413.3489,27303.4434,971283.1250
1137.,1405.2083,27199.1445,971395.6875
1138.,1397.1152,27095.2402,971507.8125
1139.,1389.0684,26991.7012,971619.1250
1140.,1381.0682,26888.5449,971730.2500
1141.,1373.1136,26785.7793,971841.1250
1142.,1365.2048,26683.3809,971951.1875
1143.,1357.3423,26581.3691,972061.3125
1144.,1349.5243,26479.7207,972170.4375
1145.,1341.7513,26378.4434,972279.8125
1146.,1334.0238,26277.5566,972388.4375
1147.,1326.3401,26177.0234,972496.5625
1148.,1318.7014,26076.8711,972604.6875
1149.,1311.1061,25977.0781,972711.8125
1150.,1303.5544,25877.6641,972818.9375
1151.,1296.0469,25778.6016,972925.0625
1152.,1288.5819,25679.9062,973031.4375
1153.,1281.1600,25581.5898,973137.3750
1154.,1273.7814,25483.6172,973242.5000
1155.,1266.4448,25386.0176,973347.6250
1156.,1259.1509,25288.7695,973451.8125
1157.,1251.8986,25191.8789,973556.1875
1158.,1244.6880,25095.3594,973659.8750
1159.,1237.5194,24999.1777,973763.3125
1160.,1230.3917,24903.3691,973866.1875
1161.,1223.3049,24807.8984,973968.8750
1162.,1216.2595,24712.7773,974071.0625
1163.,1209.2542,24618.0273,974172.9375
1164.,1202.2897,24523.6094,974273.8750
1165.,1195.3649,24429.5547,974375.0625
1166.,1188.4799,24335.8359,974475.7500
1167.,1181.6351,24242.4590,974575.6875
1168.,1174.8291,24149.4453,974675.6250
1169.,1168.0625,24056.7598,974775.0625
1170.,1161.3352,23964.4316,974874.3125
1171.,1154.6461,23872.4297,974973.0000
1172.,1147.9963,23780.7832,975071.1875
1173.,1141.3842,23689.4590,975169.1250
1174.,1134.8101,23598.4766,975266.8750
1175.,1128.2743,23507.8438,975363.8125
1176.,1121.7758,23417.5332,975460.5625
1177.,1115.3146,23327.5684,975557.2500
1178.,1108.8911,23237.9258,975653.2500
1179.,1102.5042,23148.6152,975748.6875
1180.,1096.1545,23059.6465,975844.1875
1181.,1089.8411,22970.9961,975938.9375
1182.,1083.5637,22882.6895,976033.6250
1183.,1077.3232,22794.6953,976127.8750
1184.,1071.1182,22707.0273,976221.8750
1185.,1064.9487,22619.6992,976315.3750
1186.,1058.8154,22532.6797,976408.6250
1187.,1052.7169,22446.0000,976501.6250
1188.,1046.6539,22359.6250,976593.6250
1189.,1040.6255,22273.5859,976685.8750
1190.,1034.6317,22187.8535,976777.3750
1191.,1028.6730,22102.4375,976868.8750
1192.,1022.7482,22017.3555,976959.8750
1193.,1016.8574,21932.5762,977050.4375
1194.,1011.0010,21848.1211,977140.9375
1195.,1005.1779,21763.9707,977230.9375
1196.,999.3887,21680.1309,977320.7500
1197.,993.6326,21596.6172,977409.7500
1198.,987.9095,21513.4023,977498.5000
1199.,982.2198,21430.5098,977587.3125
1200.,976.5625,21347.9121,977675.6250
1201.,970.9377,21265.6250,977763.3750
1202.,965.3458,21183.6523,977851.1875
1203.,959.7856,21101.9746,977938.2500
1204.,954.2579,21020.6133,978025.2500
1205.,948.7617,20939.5449,978111.8125
1206.,943.2971,20858.7891,978197.8750
1207.,937.8644,20778.3203,978283.9375
1208.,932.4625,20698.1562,978369.2500
1209.,927.0917,20618.3008,978454.5625
1210.,921.7524,20538.7305,978539.3750
1211.,916.4433,20459.4688,978623.9375
1212.,911.1652,20380.4922,978708.5000
1213.,905.9171,20301.8105,978792.5625
1214.,900.6993,20223.4336,978875.8750
1215.,895.5119,20145.3379,978959.1875
1216.,890.3540,20067.5469,979042.2500
1217.,885.2258,19990.0332,979124.6250
1218.,880.1275,19912.8105,979207.1875
1219.,875.0582,19835.8867,979289.0000
1220.,870.0185,19759.2402,979370.6250
1221.,865.0074,19682.8926,979452.1875
1222.,860.0251,19606.8164,979533.3125
1223.,855.0720,19531.0273,979613.8750
1224.,850.1470,19455.5312,979694.2500
1225.,845.2504,19380.3086,979774.6250
1226.,840.3824,19305.3770,979854.4375
1227.,835.5419,19230.7148,979933.8125
1228.,830.7299,19156.3438,980012.9375
1229.,825.9451,19082.2383,980091.7500
1230.,821.1878,19008.4141,980170.3750
1231.,816.4583,18934.8750,980248.7500
1232.,811.7557,18861.6016,980326.6250
1233.,807.0803,18788.6133,980404.2500
1234.,802.4320,18715.8867,980481.8750
1235.,797.8102,18643.4375,980559.0000
1236.,793.2154,18571.2656,980635.3750
1237.,788.6467,18499.3555,980712.0000
1238.,784.1043,18427.7266,980788.3750
1239.,779.5884,18356.3555,980864.0000
1240.,775.0981,18285.2520,980939.6875
1241.,770.6338,18214.4238,981015.0625
1242.,766.1955,18143.8555,981089.9375
1243.,761.7824,18073.5586,981164.8125
1244.,757.3951,18003.5156,981239.0000
1245.,753.0327,17933.7500,981313.1250
1246.,748.6954,17864.2344,981387.3125
1247.,744.3834,17794.9785,981460.6875
1248.,740.0959,17725.9941,981534.1250
1249.,735.8332,17657.2617,981607.0000
1250.,731.5953,17588.7930,981679.6875
1251.,727.3815,17520.5742,981751.8125
1252.,723.1923,17452.6113,981824.0000
1253.,719.0269,17384.9180,981895.9375
1254.,714.8855,17317.4648,981967.8125
1255.,710.7682,17250.2773,982038.7500
1256.,706.6744,17183.3320,982110.1875
1257.,702.6041,17116.6406,982180.8750
1258.,698.5576,17050.2090,982251.3125
1259.,694.5342,16984.0176,982321.1875
1260.,690.5341,16918.0840,982391.3750
1261.,686.5568,16852.3926,982461.0625
1262.,682.6024,16786.9570,982530.5000
1263.,678.6711,16721.7578,982599.6875
1264.,674.7621,16656.8047,982668.3750
1265.,670.8757,16592.1074,982736.8750
1266.,667.0119,16527.6426,982805.3125
1267.,663.1700,16463.4316,982873.5000
1268.,659.3507,16399.4531,982941.1875
1269.,655.5530,16335.7178,983008.6250
1270.,651.7772,16272.2295,983076.1250
1271.,648.0234,16208.9717,983143.0625
1272.,644.2910,16145.9648,983209.7500
1273.,640.5800,16083.1865,983276.2500
1274.,636.8907,16020.6436,983342.4375
1275.,633.2224,15958.3457,983408.6875
1276.,629.5754,15896.2744,983474.3750
1277.,625.9493,15834.4473,983539.6250
1278.,622.3440,15772.8447,983604.8125
1279.,618.7597,15711.4854,983669.8125
1280.,615.1959,15650.3477,983734.5000
1281.,611.6525,15589.4424,983798.7500
1282.,608.1298,15528.7734,983863.2500
1283.,604.6271,15468.3291,983926.9375
1284.,601.1448,15408.1182,983990.6875
1285.,597.6824,15348.1318,984054.1875
1286.,594.2399,15288.3691,984117.6875
1287.,590.8176,15228.8408,984180.1875
1288.,587.4146,15169.5312,984243.1250
1289.,584.0312,15110.4541,984305.3750
1290.,580.6676,15051.5918,984367.6250
1291.,577.3231,14992.9531,984429.8750
1292.,573.9982,14934.5430,984491.3750
1293.,570.6921,14876.3477,984552.8750
1294.,567.4050,14818.3818,984614.3750
1295.,564.1371,14760.6279,984675.1250
1296.,560.8879,14703.0898,984735.9375
1297.,557.6573,14645.7812,984796.6875
1298.,554.4456,14588.6807,984856.6875
1299.,551.2521,14531.8047,984916.9375
1300.,548.0773,14475.1377,984976.6875
1301.,544.9205,14418.6924,985036.2500
1302.,541.7819,14362.4541,985095.7500
1303.,538.6616,14306.4297,985154.7500
1304.,535.5591,14250.6260,985214.0625
1305.,532.4744,14195.0264,985272.5625
1306.,529.4077,14139.6455,985331.0625
1307.,526.3585,14084.4668,985389.1250
1308.,523.3270,14029.4980,985447.3750
1309.,520.3127,13974.7441,985504.9375
1310.,517.3159,13920.1943,985562.6875
1311.,514.3365,13865.8564,985619.7500
1312.,511.3741,13811.7188,985676.8125
1313.,508.4287,13757.7861,985733.5625
1314.,505.5005,13704.0674,985790.6250
1315.,502.5889,13650.5459,985846.9375
1316.,499.6944,13597.2324,985902.9375
1317.,496.8163,13544.1182,985959.0000
1318.,493.9547,13491.2109,986014.8125
1319.,491.1099,13438.4980,986070.3750
1320.,488.2812,13385.9863,986125.6250
1321.,485.4689,13333.6836,986180.6875
1322.,482.6729,13281.5713,986235.7500
1323.,479.8928,13229.6631,986290.3125
1324.,477.1290,13177.9482,986345.1250
1325.,474.3809,13126.4287,986399.1875
1326.,471.6485,13075.1133,986453.5000
1327.,468.9322,13023.9854,986507.0625
1328.,466.2312,12973.0605,986560.8750
1329.,463.5459,12922.3223,986614.1875
1330.,460.8762,12871.7773,986667.2500
1331.,458.2216,12821.4326,986720.5625
1332.,455.5826,12771.2725,986773.1875
1333.,452.9586,12721.3105,986825.7500
1334.,450.3496,12671.5342,986878.3125
1335.,447.7560,12621.9531,986930.3750
1336.,445.1770,12572.5537,986982.4375
1337.,442.6129,12523.3438,987034.0625
1338.,440.0638,12474.3301,987085.3750
1339.,437.5291,12425.4941,987136.9375
1340.,435.0092,12376.8525,987188.0625
1341.,432.5037,12328.3896,987239.1250
1342.,430.0126,12280.1123,987290.0000
1343.,427.5360,12232.0254,987340.5625
1344.,425.0735,12184.1172,987390.8750
1345.,422.6252,12136.3975,987441.0000
1346.,420.1912,12088.8535,987491.1250
1347.,417.7710,12041.4912,987540.9375
1348.,415.3649,11994.3164,987590.3125
1349.,412.9725,11947.3164,987639.6250
1350.,410.5939,11900.5029,987688.7500
1351.,408.2292,11853.8613,987737.8750
1352.,405.8779,11807.3984,987786.9375
1353.,403.5401,11761.1191,987835.3125
1354.,401.2160,11715.0107,987883.6875
1355.,398.9051,11669.0859,987932.2500
1356.,396.6077,11623.3291,987980.1250
1357.,394.3233,11577.7559,988027.7500
1358.,392.0522,11532.3496,988075.8750
1359.,389.7942,11487.1172,988123.2500
1360.,387.5491,11442.0645,988170.5625
1361.,385.3169,11397.1777,988217.6875
1362.,383.0977,11352.4707,988264.5625
1363.,380.8912,11307.9277,988311.1875
1364.,378.6975,11263.5547,988357.5625
1365.,376.5163,11219.3584,988404.1875
1366.,374.3477,11175.3271,988450.5625
1367.,372.1917,11131.4688,988496.4375
1368.,370.0480,11087.7725,988542.0625
1369.,367.9166,11044.2451,988587.9375
1370.,365.7977,11000.8896,988633.3125
1371.,363.6907,10957.6943,988679.0000
1372.,361.5962,10914.6709,988723.8750
1373.,359.5135,10871.8076,988768.5000
1374.,357.4427,10829.1143,988813.3750
1375.,355.3841,10786.5781,988857.7500
1376.,353.3372,10744.2070,988902.6875
1377.,351.3021,10702.0039,988946.8125
1378.,349.2788,10659.9561,988990.9375
1379.,347.2671,10618.0752,989034.5625
1380.,345.2671,10576.3496,989078.5000
1381.,343.2784,10534.7861,989121.6250
1382.,341.3012,10493.3867,989165.5625
1383.,339.3356,10452.1406,989208.6875
1384.,337.3811,10411.0586,989251.5625
1385.,335.4380,10370.1289,989294.5000
1386.,333.5060,10329.3574,989337.1250
1387.,331.5850,10288.7480,989379.8125
1388.,329.6752,10248.2891,989421.9375
1389.,327.7763,10207.9912,989464.1250
1390.,325.8887,10167.8418,989506.5000
1391.,324.0117,10127.8535,989547.9375
1392.,322.1455,10088.0137,989589.8750
1393.,320.2900,10048.3271,989631.5000
1394.,318.4452,10008.7988,989672.6875
1395.,316.6114,9969.4170,989714.0625
1396.,314.7877,9930.1914,989754.7500
1397.,312.9746,9891.1123,989795.9375
1398.,311.1720,9852.1836,989836.6250
1399.,309.3797,9813.4111,989877.2500
1400.,307.5981,9774.7803,989917.6875
1401.,305.8264,9736.3047,989957.8750
1402.,304.0649,9697.9727,989997.8125
1403.,302.3135,9659.7881,990037.9375
1404.,300.5723,9621.7568,990077.6250
1405.,298.8411,9583.8652,990117.3125
1406.,297.1201,9546.1250,990156.7500
1407.,295.4088,9508.5264,990196.1875
1408.,293.7073,9471.0771,990235.3750
1409.,292.0156,9433.7676,990274.3125
1410.,290.3337,9396.6016,990313.0000
1411.,288.6617,9359.5820,990351.6875
1412.,286.9991,9322.7031,990390.3750
1413.,285.3460,9285.9707,990428.5625
1414.,283.7025,9249.3750,990466.7500
1415.,282.0685,9212.9199,990504.9375
1416.,280.4441,9176.6113,990542.8750
1417.,278.8288,9140.4375,990580.8125
1418.,277.2228,9104.4092,990618.5000
1419.,275.6260,9068.5137,990655.6875
1420.,274.0385,9032.7568,990693.3750
1421.,272.4601,8997.1455,990730.3750
1422.,270.8911,8961.6641,990767.5625
1423.,269.3308,8926.3252,990804.2500
1424.,267.7795,8891.1182,990841.1875
1425.,266.2372,8856.0469,990877.6875
1426.,264.7037,8821.1172,990914.1250
1427.,263.1794,8786.3154,990950.3125
1428.,261.6635,8751.6553,990986.7500
1429.,260.1564,8717.1230,991023.0000
1430.,258.6579,8682.7305,991058.6875
1431.,257.1682,8648.4639,991094.4375
1432.,255.6872,8614.3311,991130.1250
1433.,254.2144,8580.3350,991165.5625
1434.,252.7502,8546.4668,991200.8125
1435.,251.2945,8512.7324,991235.7500
1436.,249.8471,8479.1250,991271.2500
1437.,248.4080,8445.6484,991305.9375
1438.,246.9775,8412.3037,991340.6875
1439.,245.5550,8379.0840,991375.3750
1440.,244.1406,8345.9990,991409.8750
1441.,242.7344,8313.0381,991444.3125
1442.,241.3363,8280.2031,991478.5625
1443.,239.9465,8247.5000,991512.5000
1444.,238.5645,8214.9180,991546.5000
1445.,237.1904,8182.4683,991580.2500
1446.,235.8243,8150.1396,991613.9375
1447.,234.4660,8117.9409,991647.6875
1448.,233.1157,8085.8618,991680.9375
1449.,231.7730,8053.9072,991714.3750
1450.,230.4381,8022.0811,991747.3750
1451.,229.1108,7990.3735,991780.6250
1452.,227.7912,7958.7935,991813.5625
1453.,226.4792,7927.3325,991846.3125
1454.,225.1749,7895.9917,991878.8125
1455.,223.8780,7864.7778,991911.3125
1456.,222.5885,7833.6816,991943.7500
1457.,221.3064,7802.7085,991976.0000
1458.,220.0318,7771.8530,992008.0000
1459.,218.7646,7741.1157,992040.0000
1460.,217.5046,7710.5029,992072.2500
1461.,216.2518,7680.0034,992103.7500
1462.,215.0063,7649.6274,992135.2500
1463.,213.7679,7619.3662,992167.0000
1464.,212.5368,7589.2241,992198.1875
1465.,211.3127,7559.1963,992229.4375
1466.,210.0956,7529.2852,992260.6875
1467.,208.8855,7499.4946,992291.6875
1468.,207.6824,7469.8159,992322.1875
1469.,206.4862,7440.2559,992353.1875
1470.,205.2971,7410.8062,992383.6875
1471.,204.1146,7381.4717,992414.4375
1472.,202.9389,7352.2549,992444.7500
1473.,201.7701,7323.1479,992475.0000
1474.,200.6079,7294.1587,992505.5000
1475.,199.4527,7265.2759,992535.5000
1476.,198.3038,7236.5063,992565.2500
1477.,197.1617,7207.8535,992595.0000
1478.,196.0261,7179.3081,992624.5000
1479.,194.8970,7150.8774,992654.5000
1480.,193.7746,7122.5522,992683.5625
1481.,192.6585,7094.3384,992713.0625
1482.,191.5489,7066.2378,992742.0625
1483.,190.4456,7038.2437,992771.3125
1484.,189.3487,7010.3613,992800.3125
1485.,188.2581,6982.5845,992829.3750
1486.,187.1739,6954.9175,992857.8750
1487.,186.0959,6927.3560,992886.6250
1488.,185.0240,6899.9014,992914.9375
1489.,183.9583,6872.5581,992943.4375
1490.,182.8987,6845.3174,992971.9375
1491.,181.8455,6818.1846,993000.0000
1492.,180.7981,6791.1562,993027.7500
1493.,179.7567,6764.2324,993056.0000
1494.,178.7214,6737.4170,993083.8125
1495.,177.6920,6710.7021,993111.5625
1496.,176.6687,6684.0947,993139.3750
1497.,175.6511,6657.5874,993166.8750
1498.,174.6394,6631.1836,993194.3750
1499.,173.6335,6604.8867,993221.4375
1500.,172.6334,6578.6890,993248.6875
1501.,171.6391,6552.5957,993276.0000
1502.,170.6507,6526.6016,993302.7500
1503.,169.6678,6500.7124,993329.8125
1504.,168.6905,6474.9199,993356.0625
1505.,167.7189,6449.2285,993383.1250
1506.,166.7529,6423.6411,993409.6250
1507.,165.7926,6398.1484,993436.1875
1508.,164.8377,6372.7603,993462.5000
1509.,163.8883,6347.4673,993488.7500
1510.,162.9443,6322.2729,993514.8125
1511.,162.0058,6297.1802,993540.8125
1512.,161.0728,6272.1821,993566.8750
1513.,160.1451,6247.2847,993592.6875
1514.,159.2227,6222.4819,993618.1875
1515.,158.3056,6197.7754,993644.0000
1516.,157.3938,6173.1689,993669.5625
1517.,156.4872,6148.6548,993694.8750
1518.,155.5861,6124.2393,993720.1250
1519.,154.6899,6099.9170,993745.4375
1520.,153.7990,6075.6924,993770.5000
1521.,152.9131,6051.5586,993795.3125
1522.,152.0324,6027.5200,993820.5625
1523.,151.1568,6003.5781,993845.3750
1524.,150.2862,5979.7261,993869.9375
1525.,149.4206,5955.9717,993894.5000
1526.,148.5600,5932.3062,993919.0000
1527.,147.7043,5908.7334,993943.5625
1528.,146.8537,5885.2554,993967.8750
1529.,146.0079,5861.8662,993992.1875
1530.,145.1669,5838.5723,994016.0000
1531.,144.3308,5815.3657,994040.3125
1532.,143.4995,5792.2500,994064.3750
1533.,142.6729,5769.2275,994088.1875
1534.,141.8513,5746.2920,994111.6875
1535.,141.0343,5723.4497,994135.7500
1536.,140.2220,5700.6929,994159.0625
1537.,139.4143,5678.0293,994182.3750
1538.,138.6113,5655.4512,994206.1875
1539.,137.8131,5632.9604,994229.0000
1540.,137.0193,5610.5615,994252.3125
1541.,136.2301,5588.2471,994275.6250
1542.,135.4455,5566.0229,994298.4375
1543.,134.6653,5543.8828,994321.2500
1544.,133.8898,5521.8291,994344.3125
1545.,133.1187,5499.8647,994367.1250
1546.,132.3519,5477.9844,994389.6875
1547.,131.5896,5456.1914,994412.3125
1548.,130.8317,5434.4814,994434.8750
1549.,130.0781,5412.8564,994456.9375
1550.,129.3290,5391.3188,994479.5000
1551.,128.5841,5369.8633,994501.5625
1552.,127.8435,5348.4941,994523.6250
1553.,127.1072,5327.2061,994545.9375
1554.,126.3751,5306.0020,994567.7500
1555.,125.6473,5284.8823,994589.6250
1556.,124.9236,5263.8433,994611.1875
1557.,124.2041,5242.8901,994632.7500
1558.,123.4887,5222.0156,994654.5625
1559.,122.7774,5201.2261,994676.1250
1560.,122.0704,5180.5151,994697.5000
1561.,121.3673,5159.8857,994718.5625
1562.,120.6682,5139.3398,994739.8750
1563.,119.9732,5118.8716,994761.4375
1564.,119.2822,5098.4868,994782.0625
1565.,118.5952,5078.1787,994803.3750
1566.,117.9122,5057.9502,994824.4375
1567.,117.2330,5037.8042,994845.0000
1568.,116.5578,5017.7344,994865.6250
1569.,115.8865,4997.7461,994886.1875
1570.,115.2190,4977.8335,994906.7500
1571.,114.5555,4957.9990,994927.6250
1572.,113.8957,4938.2451,994947.9375
1573.,113.2396,4918.5659,994968.2500
1574.,112.5874,4898.9668,994988.3750
1575.,111.9389,4879.4424,995008.4375
1576.,111.2943,4859.9961,995028.5625
1577.,110.6533,4840.6245,995048.6250
1578.,110.0159,4821.3286,995068.6875
1579.,109.3823,4802.1113,995088.5625
1580.,108.7523,4782.9668,995108.3750
1581.,108.1259,4763.9004,995128.0000
1582.,107.5032,4744.9058,995147.8125
1583.,106.8840,4725.9858,995167.1875
1584.,106.2684,4707.1436,995186.5000
1585.,105.6563,4688.3721,995206.1250
1586.,105.0477,4669.6772,995225.4375
1587.,104.4428,4651.0527,995244.5625
1588.,103.8412,4632.5020,995263.6250
1589.,103.2431,4614.0264,995283.0000
1590.,102.6485,4595.6216,995301.8125
1591.,102.0572,4577.2910,995320.9375
1592.,101.4695,4559.0303,995339.5000
1593.,100.8851,4540.8433,995358.3750
1594.,100.3040,4522.7261,995377.0000
1595.,99.7263,4504.6797,995395.5625
1596.,99.1519,4486.7070,995414.1875
1597.,98.5808,4468.8027,995432.7500
1598.,98.0131,4450.9707,995451.1250
1599.,97.4486,4433.2065,995469.5000
1600.,96.8873,4415.5127,995487.5625
1601.,96.3292,4397.8901,995505.9375
1602.,95.7744,4380.3354,995524.0000
1603.,95.2228,4362.8516,995541.8750
1604.,94.6744,4345.4346,995559.7500
1605.,94.1291,4328.0864,995577.8125
1606.,93.5869,4310.8081,995595.4375
1607.,93.0479,4293.5962,995613.5625
1608.,92.5120,4276.4536,995631.1875
1609.,91.9792,4259.3770,995648.7500
1610.,91.4494,4242.3691,995666.1250
1611.,90.9227,4225.4268,995683.5000
1612.,90.3990,4208.5508,995701.3125
1613.,89.8783,4191.7432,995718.4375
1614.,89.3607,4175.0000,995735.8125
1615.,88.8460,4158.3247,995752.9375
1616.,88.3343,4141.7134,995769.8125
1617.,87.8255,4125.1675,995787.1250
1618.,87.3197,4108.6885,995804.0000
1619.,86.8168,4092.2720,995820.8750
1620.,86.3168,4075.9229,995837.7500
1621.,85.8196,4059.6362,995854.3750
1622.,85.3253,4043.4133,995871.1875
1623.,84.8338,4027.2571,995887.8125
1624.,84.3453,4011.1619,995904.4375
1625.,83.8595,3995.1323,995920.8125
1626.,83.3765,3979.1641,995937.6875
1627.,82.8963,3963.2593,995953.8125
1628.,82.4188,3947.4187,995970.1875
1629.,81.9441,3931.6384,995986.5625
1630.,81.4722,3915.9221,996002.3750
1631.,81.0029,3900.2664,996018.7500
1632.,80.5364,3884.6743,996034.8750
1633.,80.0725,3869.1414,996050.7500
1634.,79.6113,3853.6704,996066.8750
1635.,79.1528,3838.2617,996082.5000
1636.,78.6969,3822.9131,996098.3750
1637.,78.2437,3807.6257,996114.0000
1638.,77.7930,3792.3972,996129.8750
1639.,77.3449,3777.2290,996145.5000
1640.,76.8995,3762.1221,996160.8750
1641.,76.4566,3747.0737,996176.5000
1642.,76.0162,3732.0862,996191.8750
1643.,75.5784,3717.1560,996207.2500
1644.,75.1431,3702.2844,996222.6250
1645.,74.7103,3687.4739,996237.7500
1646.,74.2800,3672.7195,996253.1250
1647.,73.8522,3658.0254,996268.0000
1648.,73.4268,3643.3877,996283.1250
1649.,73.0039,3628.8098,996298.2500
1650.,72.5834,3614.2874,996313.1250
1651.,72.1654,3599.8228,996328.2500
1652.,71.7498,3585.4165,996342.8750
1653.,71.3365,3571.0659,996357.5000
1654.,70.9256,3556.7737,996372.4375
1655.,70.5171,3542.5361,996387.0625
1656.,70.1110,3528.3542,996401.6875
1657.,69.7072,3514.2310,996415.8125
1658.,69.3057,3500.1616,996430.6875
1659.,68.9065,3486.1494,996445.0625
1660.,68.5096,3472.1912,996459.1875
1661.,68.1150,3458.2876,996473.8125
1662.,67.7228,3444.4412,996488.0000
1663.,67.3327,3430.6477,996502.1250
1664.,66.9449,3416.9104,996516.2500
1665.,66.5593,3403.2256,996530.1250
1666.,66.1759,3389.5972,996544.2500
1667.,65.7948,3376.0200,996558.1250
1668.,65.4159,3362.4973,996571.8125
1669.,65.0391,3349.0295,996585.9375
1670.,64.6645,3335.6138,996599.8125
1671.,64.2920,3322.2524,996613.4375
1672.,63.9218,3308.9421,996627.1250
1673.,63.5536,3295.6846,996641.0000
1674.,63.1876,3282.4817,996654.3750
1675.,62.8236,3269.3286,996667.7500
1676.,62.4618,3256.2300,996681.3750
1677.,62.1020,3243.1812,996694.8125
1678.,61.7444,3230.1838,996708.1875
1679.,61.3887,3217.2397,996721.3125
1680.,61.0352,3204.3455,996734.5000
1681.,60.6836,3191.5037,996747.8750
1682.,60.3341,3178.7112,996761.0000
1683.,59.9866,3165.9695,996773.8750
1684.,59.6411,3153.2795,996787.0625
1685.,59.2976,3140.6384,996800.1875
1686.,58.9561,3128.0491,996813.0625
1687.,58.6165,3115.5081,996825.7500
1688.,58.2789,3103.0181,996838.8750
1689.,57.9433,3090.5759,996851.5000
1690.,57.6095,3078.1833,996864.1875
1691.,57.2777,3065.8413,996876.8125
1692.,56.9478,3053.5466,996889.5000
1693.,56.6198,3041.3025,996902.1250
1694.,56.2937,3029.1050,996914.5000
1695.,55.9695,3016.9561,996926.9375
1696.,55.6471,3004.8567,996939.5625
1697.,55.3266,2992.8037,996951.9375
1698.,55.0079,2980.8003,996964.3750
1699.,54.6912,2968.8425,996976.5000
1700.,54.3762,2956.9326,996988.6875
1701.,54.0630,2945.0710,997000.8125
1702.,53.7516,2933.2551,997013.1875
1703.,53.4420,2921.4880,997025.1250
1704.,53.1342,2909.7654,997037.0000
1705.,52.8282,2898.0911,997048.9375
1706.,52.5239,2886.4617,997061.0625
1707.,52.2214,2874.8782,997072.7500
1708.,51.9206,2863.3425,997084.6250
1709.,51.6215,2851.8508,997096.5625
1710.,51.3243,2840.4060,997108.1875
1711.,51.0286,2829.0056,997119.8750
1712.,50.7347,2817.6501,997131.5000
1713.,50.4425,2806.3413,997143.1875
1714.,50.1520,2795.0762,997154.5625
1715.,49.8632,2783.8564,997166.5000
1716.,49.5760,2772.6802,997177.6250
1717.,49.2904,2761.5486,997189.3125
1718.,49.0065,2750.4624,997200.4375
1719.,48.7243,2739.4189,997211.8750
1720.,48.4437,2728.4204,997223.5000
1721.,48.1646,2717.4644,997234.6875
1722.,47.8872,2706.5532,997245.5625
1723.,47.6114,2695.6838,997256.7500
1724.,47.3372,2684.8579,997267.8750
1725.,47.0645,2674.0764,997279.0625
1726.,46.7935,2663.3359,997290.0000
1727.,46.5240,2652.6396,997300.8750
1728.,46.2560,2641.9849,997311.8125
1729.,45.9896,2631.3721,997322.6875
1730.,45.7247,2620.8030,997333.3750
1731.,45.4614,2610.2742,997344.3125
1732.,45.1995,2599.7888,997354.9375
1733.,44.9392,2589.3438,997365.6250
1734.,44.6803,2578.9402,997376.5000
1735.,44.4230,2568.5796,997386.9375
1736.,44.1672,2558.2583,997397.6250
1737.,43.9128,2547.9795,997408.2500
1738.,43.6599,2537.7405,997418.6875
1739.,43.4084,2527.5435,997428.8750
1740.,43.1584,2517.3857,997439.5000
1741.,42.9098,2507.2681,997449.9375
1742.,42.6627,2497.1921,997460.1250
1743.,42.4169,2487.1548,997470.5000
1744.,42.1726,2477.1589,997480.6875
1745.,41.9297,2467.2014,997490.6250
1746.,41.6882,2457.2837,997501.0000
1747.,41.4482,2447.4060,997511.1875
1748.,41.2094,2437.5671,997521.1250
1749.,40.9721,2427.7683,997531.2500
1750.,40.7361,2418.0073,997541.1875
1751.,40.5014,2408.2852,997551.3750
1752.,40.2682,2398.6028,997561.2500
1753.,40.0363,2388.9578,997571.1875
1754.,39.8057,2379.3523,997580.8750
1755.,39.5764,2369.7839,997590.5625
1756.,39.3484,2360.2537,997600.4375
1757.,39.1218,2350.7625,997609.8750
1758.,38.8965,2341.3079,997619.8125
1759.,38.6725,2331.8921,997629.5000
1760.,38.4497,2322.5125,997639.1250
1761.,38.2283,2313.1716,997648.3125
1762.,38.0081,2303.8667,997658.2500
1763.,37.7892,2294.5986,997667.6875
1764.,37.5716,2285.3689,997677.0625
1765.,37.3552,2276.1746,997686.5000
1766.,37.1400,2267.0183,997695.6875
1767.,36.9261,2257.8970,997705.3750
1768.,36.7134,2248.8120,997714.3125
1769.,36.5020,2239.7644,997723.6875
1770.,36.2917,2230.7520,997732.8750
1771.,36.0827,2221.7764,997742.3125
1772.,35.8749,2212.8352,997751.5000
1773.,35.6682,2203.9302,997760.1875
1774.,35.4628,2195.0613,997769.5625
1775.,35.2586,2186.2268,997778.7500
1776.,35.0555,2177.4285,997787.4375
1777.,34.8536,2168.6646,997796.6250
1778.,34.6528,2159.9363,997805.3125
1779.,34.4533,2151.2415,997814.2500
1780.,34.2548,2142.5818,997823.3750
1781.,34.0575,2133.9573,997832.0625
1782.,33.8614,2125.3665,997840.7500
1783.,33.6663,2116.8108,997849.4375
1784.,33.4725,2108.2881,997858.3750
1785.,33.2797,2099.7996,997866.8125
1786.,33.0880,2091.3457,997875.5000
1787.,32.8974,2082.9246,997884.4375
1788.,32.7079,2074.5381,997892.8125
1789.,32.5195,2066.1841,997901.2500
1790.,32.3323,2057.8630,997909.6875
1791.,32.1460,2049.5767,997918.3750
1792.,31.9609,2041.3221,997926.8125
1793.,31.7768,2033.1016,997935.0000
1794.,31.5938,2024.9127,997943.4375
1795.,31.4118,2016.7576,997952.1250
1796.,31.2309,2008.6340,997960.3125
1797.,31.0510,2000.5427,997968.2500
1798.,30.8722,1992.4847,997976.6875
1799.,30.6944,1984.4581,997984.8750
1800.,30.5176,1976.4644,997993.2500
1801.,30.3418,1968.5015,998001.1875
1802.,30.1671,1960.5703,998009.3750
1803.,29.9933,1952.6719,998017.3125
1804.,29.8205,1944.8041,998025.2500
1805.,29.6488,1936.9686,998033.4375
1806.,29.4780,1929.1632,998041.3750
1807.,29.3083,1921.3892,998049.3125
1808.,29.1395,1913.6472,998057.2500
1809.,28.9716,1905.9351,998065.1875
1810.,28.8047,1898.2548,998072.8750
1811.,28.6389,1890.6040,998080.5625
1812.,28.4739,1882.9839,998088.5000
1813.,28.3099,1875.3950,998096.1875
1814.,28.1469,1867.8359,998104.1250
1815.,27.9847,1860.3076,998111.5625
1816.,27.8236,1852.8085,998119.5000
1817.,27.6633,1845.3402,998126.9375
1818.,27.5040,1837.9008,998134.6250
1819.,27.3456,1830.4915,998142.3125
1820.,27.1881,1823.1122,998149.7500
1821.,27.0315,1815.7617,998157.4375
1822.,26.8758,1808.4413,998164.6250
1823.,26.7210,1801.1494,998172.0625
1824.,26.5671,1793.8866,998179.5000
1825.,26.4141,1786.6539,998186.9375
1826.,26.2619,1779.4489,998194.3750
1827.,26.1107,1772.2736,998201.5625
1828.,25.9603,1765.1262,998209.0625
1829.,25.8108,1758.0074,998216.2500
1830.,25.6621,1750.9180,998223.4375
1831.,25.5143,1743.8557,998230.6250
1832.,25.3674,1736.8229,998237.8125
1833.,25.2213,1729.8171,998245.0000
1834.,25.0760,1722.8406,998252.1875
1835.,24.9316,1715.8906,998259.1250
1836.,24.7880,1708.9685,998266.3125
1837.,24.6452,1702.0751,998273.2500
1838.,24.5033,1695.2083,998280.1875
1839.,24.3621,1688.3696,998287.3750
1840.,24.2218,1681.5579,998294.0625
1841.,24.0823,1674.7731,998301.3125
1842.,23.9436,1668.0165,998308.2500
1843.,23.8057,1661.2856,998314.9375
1844.,23.6686,1654.5830,998321.8750
1845.,23.5323,1647.9060,998328.5625
1846.,23.3967,1641.2559,998335.2500
1847.,23.2620,1634.6333,998341.9375
1848.,23.1280,1628.0363,998348.8750
1849.,22.9948,1621.4664,998355.6250
1850.,22.8624,1614.9220,998362.3125
1851.,22.7307,1608.4047,998369.0000
1852.,22.5997,1601.9127,998375.4375
1853.,22.4696,1595.4465,998382.1250
1854.,22.3402,1589.0070,998388.5625
1855.,22.2115,1582.5925,998395.2500
1856.,22.0836,1576.2046,998401.7500
1857.,21.9564,1569.8414,998408.1875
1858.,21.8299,1563.5037,998414.6250
1859.,21.7042,1557.1920,998421.0625
1860.,21.5792,1550.9049,998427.7500
1861.,21.4549,1544.6438,998433.9375
1862.,21.3313,1538.4069,998440.4375
1863.,21.2085,1532.1951,998446.8750
1864.,21.0863,1526.0085,998453.0625
1865.,20.9649,1519.8463,998459.5000
1866.,20.8441,1513.7096,998465.4375
1867.,20.7241,1507.5967,998471.8750
1868.,20.6047,1501.5088,998478.1250
1869.,20.4860,1495.4447,998484.3125
1870.,20.3680,1489.4047,998490.2500
1871.,20.2507,1483.3898,998496.4375
1872.,20.1341,1477.3982,998502.3750
1873.,20.0181,1471.4314,998508.6250
1874.,19.9028,1465.4878,998514.5625
1875.,19.7882,1459.5677,998520.7500
1876.,19.6742,1453.6724,998526.6875
1877.,19.5609,1447.7999,998532.6875
1878.,19.4482,1441.9515,998538.6250
1879.,19.3362,1436.1260,998544.5625
1880.,19.2249,1430.3237,998550.5000
1881.,19.1141,1424.5455,998556.4375
1882.,19.0041,1418.7898,998562.1875
1883.,18.8946,1413.0577,998568.1250
1884.,18.7858,1407.3479,998573.8125
1885.,18.6776,1401.6610,998579.7500
1886.,18.5700,1395.9976,998585.5000
1887.,18.4630,1390.3562,998591.1875
1888.,18.3567,1384.7380,998596.8750
1889.,18.2510,1379.1418,998602.5625
1890.,18.1459,1373.5687,998608.3125
1891.,18.0414,1368.0172,998614.0000
1892.,17.9374,1362.4879,998619.6875
1893.,17.8341,1356.9816,998625.1875
1894.,17.7314,1351.4967,998630.6250
1895.,17.6293,1346.0344,998636.3125
1896.,17.5278,1340.5933,998642.0000
1897.,17.4268,1335.1740,998647.2500
1898.,17.3264,1329.7772,998652.9375
1899.,17.2266,1324.4014,998658.3750
1900.,17.1274,1319.0477,998663.8750
1901.,17.0288,1313.7147,998669.3125
1902.,16.9307,1308.4033,998674.7500
1903.,16.8332,1303.1138,998679.9375
1904.,16.7362,1297.8450,998685.4375
1905.,16.6398,1292.5978,998690.8750
1906.,16.5440,1287.3710,998696.0625
1907.,16.4487,1282.1659,998701.5625
1908.,16.3540,1276.9811,998706.7500
1909.,16.2598,1271.8169,998711.9375
1910.,16.1661,1266.6742,998717.1875
1911.,16.0730,1261.5516,998722.3750
1912.,15.9804,1256.4500,998727.5625
1913.,15.8884,1251.3683,998732.8125
1914.,15.7969,1246.3070,998738.0000
1915.,15.7059,1241.2666,998743.1875
1916.,15.6154,1236.2460,998748.1875
1917.,15.5255,1231.2460,998753.1250
1918.,15.4361,1226.2654,998758.3125
1919.,15.3472,1221.3049,998763.0625
1920.,15.2588,1216.3649,998768.2500
1921.,15.1709,1211.4442,998773.4375
1922.,15.0835,1206.5437,998778.4375
1923.,14.9967,1201.6624,998783.3750
1924.,14.9103,1196.8013,998788.3125
1925.,14.8244,1191.9590,998793.5625
1926.,14.7390,1187.1362,998798.0000
1927.,14.6541,1182.3334,998803.1875
1928.,14.5697,1177.5492,998807.9375
1929.,14.4858,1172.7849,998812.6250
1930.,14.4024,1168.0392,998817.3750
1931.,14.3194,1163.3124,998822.3125
1932.,14.2369,1158.6053,998827.2500
1933.,14.1549,1153.9165,998831.7500
1934.,14.0734,1149.2471,998836.6875
1935.,13.9924,1144.5958,998841.4375
1936.,13.9118,1139.9633,998846.1250
1937.,13.8317,1135.3499,998850.8125
1938.,13.7520,1130.7545,998855.5625
1939.,13.6728,1126.1781,998860.2500
1940.,13.5940,1121.6201,998864.7500
1941.,13.5157,1117.0795,998869.4375
1942.,13.4379,1112.5581,998873.8750
1943.,13.3605,1108.0547,998878.6250
1944.,13.2836,1103.5685,998883.0625
1945.,13.2070,1099.1013,998887.8125
1946.,13.1310,1094.6521,998892.0000
1947.,13.0553,1090.2197,998896.9375
1948.,12.9801,1085.8063,998901.1875
1949.,12.9054,1081.4105,998905.6250
1950.,12.8311,1077.0323,998910.1250
1951.,12.7572,1072.6708,998914.5625
1952.,12.6837,1068.3280,998919.0000
1953.,12.6106,1064.0024,998923.2500
1954.,12.5380,1059.6932,998927.6875
1955.,12.4658,1055.4025,998932.1875
1956.,12.3940,1051.1289,998936.3750
1957.,12.3226,1046.8727,998940.8750
1958.,12.2516,1042.6323,998945.3125
1959.,12.1811,1038.4102,998949.5625
1960.,12.1109,1034.2050,998953.5000
1961.,12.0412,1030.0156,998957.9375
1962.,11.9718,1025.8442,998962.4375
1963.,11.9029,1021.6895,998966.3750
1964.,11.8343,1017.5506,998970.8750
1965.,11.7661,1013.4292,998974.8125
1966.,11.6984,1009.3244,998979.0625
1967.,11.6310,1005.2362,998983.0000
1968.,11.5640,1001.1634,998987.5000
1969.,11.4974,997.1080,998991.4375
1970.,11.4312,993.0689,998995.4375
1971.,11.3653,989.0451,998999.6250
1972.,11.2999,985.0385,999003.8125
1973.,11.2348,981.0479,999007.8125
1974.,11.1701,977.0734,999011.5625
1975.,11.1057,973.1139,999015.7500
1976.,11.0418,969.1714,999019.6875
1977.,10.9782,965.2446,999023.9375
1978.,10.9150,961.3329,999027.8750
1979.,10.8521,957.4377,999031.6250
1980.,10.7896,953.5582,999035.8125
1981.,10.7274,949.6935,999039.5625
1982.,10.6657,945.8450,999043.5000
1983.,10.6042,942.0123,999047.5000
1984.,10.5432,938.1949,999051.1875
1985.,10.4824,934.3918,999055.1875
1986.,10.4221,930.6052,999058.8750
1987.,10.3620,926.8337,999062.8750
1988.,10.3024,923.0765,999066.5625
1989.,10.2430,919.3354,999070.3125
1990.,10.1840,915.6093,999074.2500
1991.,10.1254,911.8981,999078.0000
1992.,10.0671,908.2010,999081.9375
1993.,10.0091,904.5198,999085.4375
1994.,9.9514,900.8533,999089.1250
1995.,9.8941,897.2007,999092.8750
1996.,9.8371,893.5638,999096.5625
1997.,9.7805,889.9414,999100.3125
1998.,9.7241,886.3327,999104.0625
1999.,9.6681,882.7396,999107.5000
